{"cameraMode":{"drawMode":0,"name":"Shaded","section":"Shading Mode"},"sceneLighting":true,"audioPlay":false,"sceneViewState":{"m_AlwaysRefresh":false,"showFog":true,"showSkybox":true,"showFlares":true,"showImageEffects":true,"showParticleSystems":true,"showVisualEffectGraphs":true,"m_FxEnabled":true},"in2DMode":false,"pivot":{"x":-0.1701701283454895,"y":0.4752085208892822,"z":-0.7798693180084229},"rotation":{"x":-0.1443929374217987,"y":0.11050412058830261,"z":-0.016201388090848924,"w":-0.9832430481910706},"size":0.1271296590566635,"orthographic":false}