{"cameraMode":{"drawMode":0,"name":"Shaded","section":"Shading Mode"},"sceneLighting":true,"audioPlay":false,"sceneViewState":{"m_AlwaysRefresh":false,"showFog":true,"showSkybox":true,"showFlares":true,"showImageEffects":true,"showParticleSystems":true,"showVisualEffectGraphs":true,"m_FxEnabled":true},"in2DMode":false,"pivot":{"x":-0.6392127871513367,"y":1.404341697692871,"z":-4.592934608459473},"rotation":{"x":0.20769977569580079,"y":-0.08354202657938004,"z":0.017843084409832956,"w":0.9744759202003479},"size":0.07768745720386505,"orthographic":false}